"id","name"
1,"c"
2,"C++"
3,"C"
4,"java"
5,"python"
6,"f"
7,"p"
8,"Python"
9,"ClassTest"
10,"搜索"
11,"sort"
12,"tree"
13,"test4"
14,"test"
15,"数组"
16,"思维"
17,"贪心"
18,"链表"
19,"模拟"
20,"并查集"
21,"数学"
22,"循环"
23,"枚举"
24,"归并"
25,"排序"
26,"字符串"
27,"dfs"
28,"图论"
29,"数论"
30,"杨辉三角"
31,"规律"
32,"矩阵"
33,"组合数学"
34,"分支"
35,"dp"
36,"博弈"
37,"d'f's"
38,"数据结构"
39,"最小生成树"
40,"树状数组"
41,"bfs"
42,"01背包"
43,"矩阵快速幂"
44,"递推"
45,"大数"
46,"二叉树"
47,"素数"
48,"递归"
49,"回溯法"
50,"课后练习"
51,"数学练习"
52,"课后习题"
53,"斐波那契数列"
54,"栈"
55,"2019研究生复试上机"
56,"判断"
57,"斐波那契"
58,"指针"
59,"函数"
60,"数据类型"
61,"宏"
62,"格式化输入输出"
63,"结构体"
64,"条件语句"
65,"暴力"
66,"动态规划"
67,"基本数据类型"
68,"循环语句"
69,"表达式"
70,"动态分配"
71,"预处理"
72,"结构体数组"
73,"判断语句"
74,"知识点标签"
75,"基本类型"
76,"Basic"
77,"basic"
78,"BFS"
79,"Queue"
80,"基数排序"
81,"归并排序"
82,"快速排序"
83,"Hash Map"
84,"TwoSum"
85,"BinaryTree"
86,"HeapSort"
87,"topk"
88,"克鲁斯卡尔算法"
89,"Binary Tree"
90,"图"
91,"树"
92,"映射"
93,"分支结构"
94,"计算"
95,"条件"
96,"循环队列"
97,"队列"
98,"循环链表"
99,"DFS"
100,"二分查找"
101,"算法"
102,"堆排序"
103,"二分图"
104,"运算符"
105,"库函数"
106,"d"
